{
	"rescaling:__choice__": "none",
	"preprocessor:__choice__": "polynomial",
	"preprocessor:polynomial:interaction_only": "False",
	"preprocessor:polynomial:include_bias": "True",
	"preprocessor:polynomial:degree": "2",
	"balancing:strategy": "none",
	"classifier:__choice__": "sgd",
	"classifier:sgd:n_iter": "10",
	"classifier:sgd:average": "False",
	"classifier:sgd:learning_rate": "optimal",
	"classifier:sgd:fit_intercept": "True",
	"classifier:sgd:eta0": "0.00999999",
	"classifier:sgd:alpha": "0.0001",
	"classifier:sgd:penalty": "l2",
	"classifier:sgd:loss": "log",
	"imputation:strategy": "mean",
	"one_hot_encoding:use_minimum_fraction": "False"
}