{
	"rescaling:__choice__": "standardize",
	"preprocessor:__choice__": "select_percentile_classification",
	"preprocessor:select_percentile_classification:score_func": "chi2",
	"preprocessor:select_percentile_classification:percentile": "1",
	"balancing:strategy": "none",
	"classifier:__choice__": "k_nearest_neighbors",
	"classifier:k_nearest_neighbors:weights": "distance",
	"classifier:k_nearest_neighbors:n_neighbors": "100",
	"classifier:k_nearest_neighbors:p": "2",
	"imputation:strategy": "mean",
	"one_hot_encoding:use_minimum_fraction": "False"
}