{"balancing:strategy": "weighting",
"classifier:__choice__": "random_forest",
"classifier:random_forest:bootstrap": "False",
"classifier:random_forest:criterion": "gini",
"classifier:random_forest:max_depth": "None",
"classifier:random_forest:max_features": "1.0",
"classifier:random_forest:max_leaf_nodes": "None",
"classifier:random_forest:min_samples_leaf": "1",
"classifier:random_forest:min_samples_split": "5",
"classifier:random_forest:min_weight_fraction_leaf": "0.0",
"classifier:random_forest:n_estimators": "100",
"imputation:strategy": "median",
"one_hot_encoding:minimum_fraction": "0.0657103215878",
"one_hot_encoding:use_minimum_fraction": "True",
"preprocessor:__choice__": "select_percentile_classification",
"preprocessor:select_percentile_classification:percentile": "5.0263298614",
"preprocessor:select_percentile_classification:score_func": "chi2",
"rescaling:__choice__": "min/max"}