{
	"rescaling:__choice__": "min/max",
	"preprocessor:__choice__": "pca",
	"preprocessor:pca:keep_variance": "0.9999",
	"preprocessor:pca:whiten": "True",
	"balancing:strategy": "none",
	"classifier:__choice__": "xgradient_boosting",
	"classifier:xgradient_boosting:colsample_bytree": "1",
	"classifier:xgradient_boosting:colsample_bylevel": "1",
	"classifier:xgradient_boosting:max_delta_step": "0",
	"classifier:xgradient_boosting:learning_rate": "0.1",
	"classifier:xgradient_boosting:max_depth": "3",
	"classifier:xgradient_boosting:subsample": "1",
	"classifier:xgradient_boosting:reg_lambda": "1",
	"classifier:xgradient_boosting:reg_alpha": "0",
	"classifier:xgradient_boosting:base_score": "0.5",
	"classifier:xgradient_boosting:scale_pos_weight": "1",
	"classifier:xgradient_boosting:min_child_weight": "1",
	"classifier:xgradient_boosting:n_estimators": "100",
	"classifier:xgradient_boosting:gamma": "0",
	"imputation:strategy": "mean",
	"one_hot_encoding:use_minimum_fraction": "False"
}