{
	"rescaling:__choice__": "normalize",
	"preprocessor:__choice__": "kernel_pca",
	"preprocessor:kernel_pca:n_components": "14",
	"preprocessor:kernel_pca:kernel": "rbf",
	"preprocessor:kernel_pca:gamma": "3.932630529730239",
	"balancing:strategy": "none",
	"classifier:__choice__": "k_nearest_neighbors",
	"classifier:k_nearest_neighbors:weights": "distance",
	"classifier:k_nearest_neighbors:n_neighbors": "7",
	"classifier:k_nearest_neighbors:p": "2",
	"imputation:strategy": "mean",
	"one_hot_encoding:use_minimum_fraction": "False"
}