{
	"rescaling:__choice__": "standardize",
	"preprocessor:__choice__": "kernel_pca",
	"preprocessor:kernel_pca:n_components": "145",
	"preprocessor:kernel_pca:kernel": "rbf",
	"preprocessor:kernel_pca:gamma": "0.9968820015329158",
	"balancing:strategy": "none",
	"classifier:__choice__": "libsvm_svc",
	"classifier:libsvm_svc:max_iter": "-1",
	"classifier:libsvm_svc:shrinking": "True",
	"classifier:libsvm_svc:gamma": "0.405983964868567",
	"classifier:libsvm_svc:kernel": "rbf",
	"classifier:libsvm_svc:C": "1.000345397479665",
	"classifier:libsvm_svc:tol": "0.0001",
	"imputation:strategy": "mean",
	"one_hot_encoding:use_minimum_fraction": "False"
}